{
    "teamsData": [
        {
            "generation_count": 0,
            "genomes": [
                {
                    "genomes": [
                        -0.6229844093322754,
                        0.7330985069274902,
                        0.6470139026641846,
                        0.9799954891204834,
                        0.07371175289154053,
                        0.7154066562652588,
                        0.4671418368816376,
                        -0.4437607526779175,
                        0.5290799140930176,
                        -0.3375445604324341,
                        -0.3704923391342163,
                        -0.986382246017456,
                        0.673248291015625
                    ],
                    "fitness": 0.0
                },
                {
                    "genomes": [
                        0.27289554476737978,
                        0.8045454025268555,
                        0.3364355266094208,
                        -0.6719944477081299,
                        -0.8435995578765869,
                        -0.24768078327178956,
                        0.5694310665130615,
                        0.7521803379058838,
                        -0.600651741027832,
                        -0.9406523704528809,
                        -0.8023715019226074,
                        0.322719544172287,
                        -0.20818698406219483
                    ],
                    "fitness": 0.0
                },
                {
                    "genomes": [
                        0.8862519264221191,
                        0.44175025820732119,
                        0.31278225779533389,
                        -0.9283401966094971,
                        0.27773234248161318,
                        0.7102756500244141,
                        -0.9770855903625488,
                        -0.9560041427612305,
                        -0.6948890686035156,
                        -0.7962267398834229,
                        -0.7240180969238281,
                        -0.5971982479095459,
                        0.1561516523361206
                    ],
                    "fitness": 0.0
                },
                {
                    "genomes": [
                        0.4214780032634735,
                        0.21125757694244386,
                        -0.9163210391998291,
                        -0.9439570903778076,
                        0.9306998252868652,
                        -0.4285796880722046,
                        0.6859724521636963,
                        0.8113884925842285,
                        -0.755364179611206,
                        0.9168472290039063,
                        -0.9943063259124756,
                        0.27318641543388369,
                        -0.1970285177230835
                    ],
                    "fitness": 0.0
                },
                {
                    "genomes": [
                        0.9701416492462158,
                        -0.3217252492904663,
                        0.9711997509002686,
                        -0.14052259922027589,
                        -0.16871869564056397,
                        -0.6033198833465576,
                        0.015253901481628418,
                        0.620800256729126,
                        -0.8513951301574707,
                        0.692575216293335,
                        -0.29713666439056399,
                        0.9209938049316406,
                        -0.09976303577423096
                    ],
                    "fitness": 0.0
                },
                {
                    "genomes": [
                        -0.14009392261505128,
                        0.9182133674621582,
                        0.7940096855163574,
                        0.3043679893016815,
                        0.14955079555511475,
                        -0.08574330806732178,
                        -0.22934472560882569,
                        -0.10686624050140381,
                        0.2982287108898163,
                        0.8016276359558106,
                        0.9603874683380127,
                        0.7256336212158203,
                        -0.7813687324523926
                    ],
                    "fitness": 0.0
                }
            ]
        },
        {
            "generation_count": 0,
            "genomes": [
                {
                    "genomes": [
                        0.6585288047790527,
                        -0.5838191509246826,
                        -0.5208563804626465,
                        0.48857972025871279,
                        -0.6001417636871338,
                        0.8611061573028565,
                        -0.3637453317642212,
                        -0.6086292266845703,
                        0.04742920398712158,
                        -0.08750641345977783,
                        0.29729053378105166,
                        0.7134456634521484,
                        -0.8500823974609375
                    ],
                    "fitness": 0.0
                },
                {
                    "genomes": [
                        0.7420213222503662,
                        -0.19391262531280518,
                        -0.8226437568664551,
                        -0.6452071666717529,
                        -0.6024162769317627,
                        0.81296706199646,
                        0.25743696093559267,
                        0.548478364944458,
                        -0.5473732948303223,
                        -0.48282158374786379,
                        -0.8564069271087647,
                        -0.6374680995941162,
                        -0.6985023021697998
                    ],
                    "fitness": 0.0
                },
                {
                    "genomes": [
                        -0.9402830600738525,
                        0.2648930251598358,
                        0.23238122463226319,
                        0.43359658122062685,
                        -0.1303037405014038,
                        0.7759988307952881,
                        -0.986321210861206,
                        0.4005074203014374,
                        -0.07485044002532959,
                        -0.531015157699585,
                        0.15778934955596925,
                        -0.9893593788146973,
                        -0.9429926872253418
                    ],
                    "fitness": 0.0
                },
                {
                    "genomes": [
                        0.4829833209514618,
                        -0.4473382234573364,
                        0.09538185596466065,
                        -0.14637625217437745,
                        -0.4093972444534302,
                        -0.16913092136383058,
                        0.6932647228240967,
                        -0.015768885612487794,
                        -0.7880442142486572,
                        0.6303541660308838,
                        0.023536324501037599,
                        0.4227735698223114,
                        0.819737434387207
                    ],
                    "fitness": 0.0
                },
                {
                    "genomes": [
                        0.4824528396129608,
                        0.9229679107666016,
                        0.671799898147583,
                        0.09011447429656983,
                        0.7248597145080566,
                        0.7689204216003418,
                        0.4916188418865204,
                        0.1120227575302124,
                        0.43366143107414248,
                        0.10648524761199951,
                        -0.2554396390914917,
                        -0.8044967651367188,
                        0.33229562640190127
                    ],