{
    "teamsData": [
        {
            "generation_count": 0,
            "genomes": [
                {
                    "genomes": [
                        0.4151711165904999,
                        -0.2538665533065796,
                        -0.8580951690673828,
                        0.8377957344055176,
                        -0.5144054889678955,
                        -0.7147271633148193,
                        -0.20755374431610108,
                        -0.06772458553314209,
                        0.031118035316467286,
                        0.6793770790100098,
                        0.4424755275249481,
                        0.21396362781524659,
                        -0.18952524662017823
                    ],
                    "fitness": 0.0
                },
                {
                    "genomes": [
                        -0.18539845943450929,
                        -0.4280489683151245,
                        0.9304955005645752,
                        0.06546270847320557,
                        0.03563535213470459,
                        0.4995739161968231,
                        -0.5225884914398193,
                        -0.3097630739212036,
                        -0.24608910083770753,
                        0.08772647380828858,
                        -0.7701005935668945,
                        -0.5946977138519287,
                        0.8600823879241943
                    ],
                    "fitness": 0.0
                },
                {
                    "genomes": [
                        -0.9126632213592529,
                        -0.8672950267791748,
                        -0.6365318298339844,
                        -0.7828724384307861,
                        0.1349865198135376,
                        -0.564927339553833,
                        -0.07777488231658936,
                        0.5866000652313232,
                        -0.6792764663696289,
                        0.4191596210002899,
                        0.7771778106689453,
                        0.8104856014251709,
                        0.22687852382659913
                    ],
                    "fitness": 0.0
                },
                {
                    "genomes": [
                        0.36650416254997256,
                        -0.6322813034057617,
                        -0.3250364065170288,
                        -0.3274496793746948,
                        0.6234025955200195,
                        -0.10083281993865967,
                        0.09885704517364502,
                        -0.169549822807312,
                        -0.3974858522415161,
                        0.5910787582397461,
                        -0.41903698444366457,
                        -0.48753678798675539,
                        -0.04393351078033447
                    ],
                    "fitness": 0.0
                },
                {
                    "genomes": [
                        0.32551905512809756,
                        -0.015892386436462404,
                        0.06157815456390381,
                        -0.20866835117340089,
                        -0.3286522626876831,
                        0.1408451795578003,
                        -0.7722873687744141,
                        0.19294703006744386,
                        -0.47898590564727785,
                        -0.6347904205322266,
                        0.3047427833080292,
                        0.0811837911605835,
                        -0.49430620670318606
                    ],
                    "fitness": 0.0
                },
                {
                    "genomes": [
                        -0.9496641159057617,
                        0.0096205472946167,
                        -0.43139421939849856,
                        -0.7879607677459717,
                        0.6228466033935547,
                        0.6494348049163818,
                        0.12067639827728272,
                        0.7867894172668457,
                        -0.40252411365509035,
                        0.17857325077056886,
                        -0.6156330108642578,
                        0.6093330383300781,
                        -0.8857550621032715
                    ],
                    "fitness": 26.0
                }
            ]
        },
        {
            "generation_count": 0,
            "genomes": [
                {
                    "genomes": [
                        0.7086029052734375,
                        0.17465722560882569,
                        -0.2831040620803833,
                        -0.7546143531799316,
                        -0.9817318916320801,
                        0.11051404476165772,
                        0.8709642887115479,
                        -0.6395924091339111,
                        0.41580864787101748,
                        0.22038757801055909,
                        -0.9339659214019775,
                        -0.7511322498321533,
                        0.2593333423137665
                    ],
                    "fitness": 0.0
                },
                {
                    "genomes": [
                        -0.05024826526641846,
                        0.10020244121551514,
                        0.48006173968315127,
                        0.06937134265899658,
                        -0.4750479459762573,
                        -0.8856914043426514,
                        0.6139144897460938,
                        0.17695629596710206,
                        0.8081262111663818,
                        -0.14268052577972413,
                        -0.19054830074310304,
                        0.4813034236431122,
                        0.17888224124908448
                    ],
                    "fitness": 26.0
                },
                {
                    "genomes": [
                        0.0043326616287231449,
                        -0.3902550935745239,
                        -0.08932149410247803,
                        0.4212472140789032,
                        -0.38832080364227297,
                        -0.9171862602233887,
                        -0.5138733386993408,
                        0.8547413349151611,
                        -0.9139728546142578,
                        -0.0824810266494751,
                        -0.3391212224960327,
                        0.08751022815704346,
                        -0.7293848991394043
                    ],
                    "fitness": 0.0
                },
                {
                    "genomes": [
                        0.6528422832489014,
                        -0.2735813856124878,
                        0.5068643093109131,
                        0.6895978450775147,
                        0.07865297794342041,
                        0.7351152896881104,
                        0.9478065967559815,
                        0.7673971652984619,
                        0.16715610027313233,
                        0.10356462001800537,
                        -0.6981034278869629,
                        0.9226014614105225,
                        -0.20133697986602784
                    ],
                    "fitness": 0.0
                },
                {
                    "genomes": [
                        0.000039458274841308594,
                        -0.21537744998931886,
                        -0.8589811325073242,
                        -0.7949318885803223,
                        -0.9076316356658936,
                        -0.6584157943725586,
                        0.9571504592895508,
                        0.9691436290740967,
                        0.17759859561920167,
                        0.3961183726787567,
                        0.4760682284832001,
                        -0.8014874458312988,
                        0.6088457107543945
                    ],