{
    "teamsData": [
        {
            "generation_count": 1,
            "genomes": [
                {
                    "genomes": [
                        -0.9496641159057617,
                        0.0096205472946167,
                        -0.43139421939849856,
                        -0.7879607677459717,
                        0.6228466033935547,
                        0.6494348049163818,
                        0.12067639827728272,
                        0.7867894172668457,
                        -0.40252411365509035,
                        0.17857325077056886,
                        -0.6156330108642578,
                        0.6093330383300781,
                        -0.8131858110427856
                    ],
                    "fitness": 0.0
                },
                {
                    "genomes": [
                        -0.9496641159057617,
                        0.0096205472946167,
                        -0.43139421939849856,
                        -0.7879607677459717,
                        0.6228466033935547,
                        0.6494348049163818,
                        0.12067639827728272,
                        0.7867894172668457,
                        -0.40252411365509035,
                        0.17857325077056886,
                        -0.6904245615005493,
                        0.6390618085861206,
                        -0.8857550621032715
                    ],
                    "fitness": 0.0
                },
                {
                    "genomes": [
                        -0.9496641159057617,
                        0.0096205472946167,
                        -0.43139421939849856,
                        -0.7879607677459717,
                        0.5654726624488831,
                        0.6494348049163818,
                        0.12067639827728272,
                        0.7867894172668457,
                        -0.40252411365509035,
                        0.17857325077056886,
                        -0.6156330108642578,
                        0.6093330383300781,
                        -0.8857550621032715
                    ],
                    "fitness": 0.0
                },
                {
                    "genomes": [
                        -0.9496641159057617,
                        0.0096205472946167,
                        -0.43139421939849856,
                        -0.7879607677459717,
                        0.6228466033935547,
                        0.6494348049163818,
                        0.12067639827728272,
                        0.7867894172668457,
                        -0.40252411365509035,
                        0.17857325077056886,
                        -0.6156330108642578,
                        0.6093330383300781,
                        -0.8857550621032715
                    ],
                    "fitness": 0.0
                },
                {
                    "genomes": [
                        -0.9496641159057617,
                        0.09055977314710617,
                        -0.43139421939849856,
                        -0.7879607677459717,
                        0.6228466033935547,
                        0.6494348049163818,
                        0.12067639827728272,
                        0.7867894172668457,
                        -0.40252411365509035,
                        0.17857325077056886,
                        -0.6156330108642578,
                        0.5817899703979492,
                        -0.8857550621032715
                    ],
                    "fitness": 16.0
                },
                {
                    "genomes": [
                        -0.9496641159057617,
                        0.06270357966423035,
                        -0.43139421939849856,
                        -0.7879607677459717,
                        0.6228466033935547,
                        0.6494348049163818,
                        0.12067639827728272,
                        0.7867894172668457,
                        -0.40252411365509035,
                        0.17857325077056886,
                        -0.6156330108642578,
                        0.6093330383300781,
                        -0.8857550621032715
                    ],
                    "fitness": 26.0
                }
            ]
        },
        {
            "generation_count": 1,
            "genomes": [
                {
                    "genomes": [
                        -0.05024826526641846,
                        0.10020244121551514,
                        0.48006173968315127,
                        0.06937134265899658,
                        -0.4750479459762573,
                        -0.912430465221405,
                        0.6139144897460938,
                        0.17695629596710206,
                        0.8081262111663818,
                        -0.14268052577972413,
                        -0.19054830074310304,
                        0.4813034236431122,
                        0.17888224124908448
                    ],
                    "fitness": 26.0
                },
                {
                    "genomes": [
                        -0.05024826526641846,
                        0.10020244121551514,
                        0.48006173968315127,
                        0.06937134265899658,
                        -0.4750479459762573,
                        -0.8856914043426514,
                        0.6139144897460938,
                        0.17695629596710206,
                        0.8081262111663818,
                        -0.14268052577972413,
                        -0.19054830074310304,
                        0.4813034236431122,
                        0.17888224124908448
                    ],
                    "fitness": 26.0
                },
                {
                    "genomes": [
                        -0.05024826526641846,
                        0.10020244121551514,
                        0.48006173968315127,
                        0.06937134265899658,
                        -0.4750479459762573,
                        -0.8856914043426514,
                        0.6139144897460938,
                        0.17695629596710206,
                        0.8081262111663818,
                        -0.14268052577972413,
                        -0.19054830074310304,
                        0.4425550401210785,
                        0.17888224124908448
                    ],
                    "fitness": 26.0
                },
                {
                    "genomes": [
                        -0.05024826526641846,
                        0.13734397292137147,
                        0.441921204328537,
                        0.06937134265899658,
                        -0.4750479459762573,
                        -0.8856914043426514,
                        0.6139144897460938,
                        0.17695629596710206,
                        0.8081262111663818,
                        -0.14268052577972413,
                        -0.19054830074310304,
                        0.4813034236431122,
                        0.17888224124908448
                    ],
                    "fitness": 16.0
                },
                {
                    "genomes": [
                        -0.05024826526641846,
                        0.10020244121551514,
                        0.48006173968315127,
                        0.06937134265899658,
                        -0.4649491310119629,
                        -0.8856914043426514,
                        0.6139144897460938,
                        0.17695629596710206,
                        0.8081262111663818,
                        -0.14268052577972413,
                        -0.19054830074310304,
                        0.4813034236431122,
                        0.17888224124908448
                    ],