{
    "teamsData": [
        {
            "generation_count": 886,
            "genomes": [
                {
                    "genomes": [
                        0.23727759718894959,
                        0.7447957396507263,
                        0.14091655611991883,
                        1.4165613651275635,
                        -1.0085387229919434,
                        0.6987712979316711,
                        0.39429229497909548,
                        0.8759545087814331,
                        -0.2295028120279312,
                        0.34441784024238589,
                        -0.2522520422935486,
                        0.7601363658905029,
                        -0.1619315892457962
                    ],
                    "fitness": 131.0
                },
                {
                    "genomes": [
                        0.23727759718894959,
                        0.7447957396507263,
                        0.16907227039337159,
                        1.4903191328048707,
                        -1.0085387229919434,
                        0.6141453385353088,
                        0.39429229497909548,
                        0.8759545087814331,
                        -0.2295028120279312,
                        0.34441784024238589,
                        -0.2522520422935486,
                        0.7601363658905029,
                        -0.1619315892457962
                    ],
                    "fitness": 0.0
                },
                {
                    "genomes": [
                        0.2605338394641876,
                        0.7447957396507263,
                        0.16907227039337159,
                        1.4165613651275635,
                        -1.0085387229919434,
                        0.6987712979316711,
                        0.39429229497909548,
                        0.8759545087814331,
                        -0.2295028120279312,
                        0.34441784024238589,
                        -0.2522520422935486,
                        0.7601363658905029,
                        -0.1619315892457962
                    ],
                    "fitness": 141.0
                },
                {
                    "genomes": [
                        0.23727759718894959,
                        0.7741238474845886,
                        0.16907227039337159,
                        1.3323036432266236,
                        -1.0085387229919434,
                        0.7010172009468079,
                        0.4623425602912903,
                        0.7788037657737732,
                        -0.2295028120279312,
                        0.3593977093696594,
                        -0.2522520422935486,
                        0.7601363658905029,
                        -0.1619315892457962
                    ],
                    "fitness": 16.0
                },
                {
                    "genomes": [
                        0.2605338394641876,
                        0.7447957396507263,
                        0.16907227039337159,
                        1.3323036432266236,
                        -1.0650653839111329,
                        0.6987712979316711,
                        0.39429229497909548,
                        0.7788037657737732,
                        -0.2295028120279312,
                        0.34441784024238589,
                        -0.2522520422935486,
                        0.7601363658905029,
                        -0.1619315892457962
                    ],
                    "fitness": 0.0
                },
                {
                    "genomes": [
                        0.19854429364204408,
                        0.7447957396507263,
                        0.16907227039337159,
                        1.3323036432266236,
                        -1.0085387229919434,
                        0.6987712979316711,
                        0.39429229497909548,
                        0.6809158325195313,
                        -0.2295028120279312,
                        0.34441784024238589,
                        -0.2522520422935486,
                        0.7601363658905029,
                        -0.0698634460568428
                    ],
                    "fitness": 16.0
                }
            ]
        },
        {
            "generation_count": 886,
            "genomes": [
                {
                    "genomes": [
                        0.8628560900688171,
                        -1.5751934051513672,
                        0.45851197838783266,
                        0.06380698084831238,
                        -0.42622074484825137,
                        -0.09994444996118546,
                        -0.16532695293426515,
                        -0.7189604043960571,
                        0.6525307893753052,
                        -0.7896313071250916,
                        0.26993221044540408,
                        1.184677004814148,
                        -0.661810040473938
                    ],
                    "fitness": 31.0
                },
                {
                    "genomes": [
                        0.8628560900688171,
                        -1.5751934051513672,
                        0.45851197838783266,
                        -0.019167710095643998,
                        -0.41306278109550478,
                        -0.11175339668989182,
                        -0.2485002726316452,
                        -0.6671793460845947,
                        0.6525307893753052,
                        -0.776976466178894,
                        0.26856353878974917,
                        1.1575263738632203,
                        -0.661810040473938
                    ],
                    "fitness": 31.0
                },
                {
                    "genomes": [
                        0.8628560900688171,
                        -1.5751934051513672,
                        0.45851197838783266,
                        -0.019167710095643998,
                        -0.4747496247291565,
                        -0.11175339668989182,
                        -0.2485002726316452,
                        -0.6671793460845947,
                        0.6525307893753052,
                        -0.776976466178894,
                        0.26856353878974917,
                        1.1575263738632203,
                        -0.6971060037612915
                    ],
                    "fitness": 31.0
                },
                {
                    "genomes": [
                        0.8628560900688171,
                        -1.5751934051513672,
                        0.3620697259902954,
                        -0.019167710095643998,
                        -0.41306278109550478,
                        -0.05140085890889168,
                        -0.2921626567840576,
                        -0.6671793460845947,
                        0.6525307893753052,
                        -0.776976466178894,
                        0.26856353878974917,
                        1.1575263738632203,
                        -0.661810040473938
                    ],
                    "fitness": 31.0
                },
                {
                    "genomes": [
                        0.8628560900688171,
                        -1.5751934051513672,
                        0.45851197838783266,
                        0.06380698084831238,
                        -0.42622074484825137,
                        -0.1842985451221466,
                        -0.16532695293426515,
                        -0.7189604043960571,
                        0.6525307893753052,
                        -0.776976466178894,
                        0.26856353878974917,
                        1.1575263738632203,
                        -0.661810040473938
                    ],